{
    "rule_id": "rule-03ee703d",
    "created": "2025-10-02T19:38:49Z",
    "source_alert_id": "68d67a9d69d1c4c3ff1b4d62",
    "alert_type": "NULL_SCAN",
    "src_ip": "34.107.221.82",
    "dst_ip": null,
    "protocol": "TCP",
    "ports": [
        "38884",
        "38894",
        "38902",
        "41460",
        "41462",
        "41470",
        "54298",
        "54696",
        "56790",
        "56792",
        "56808"
    ],
    "ports_scanned_count": 11,
    "duration": 6.5,
    "cvss_score": 0.0,
    "priority": "None",
    "decision": {
        "action": "notify",
        "target": "34.107.221.82",
        "reason": "NULL_SCAN detected (low priority - monitoring)",
        "confidence": "low",
        "expiry_seconds": 14400
    },
    "suggested_commands": [
        "iptables -I INPUT -s 34.107.221.82 -j DROP # temp block",
        "netsh advfirewall firewall add rule name=\"Block_34.107.221.82\" dir=in action=block remoteip=34.107.221.82"
    ]
}