{
    "rule_id": "rule-6772c80f",
    "created": "2025-10-03T08:27:57Z",
    "source_alert_id": "68becdc8f880fcb3b226071a",
    "alert_type": "ARP_MITM",
    "src_ip": "172.20.10.3",
    "dst_ip": "172.20.10.4",
    "protocol": "ARP",
    "ports": [],
    "ports_scanned_count": 0,
    "duration": 0.2,
    "cvss_score": 9.8,
    "priority": "Critical",
    "decision": {
        "action": "quarantine_mac",
        "target": "08:71:90:49:f6:79",
        "reason": "ARP spoofing / MITM detected",
        "confidence": "high",
        "expiry_seconds": 14400
    },
    "suggested_commands": [
        "iptables -I INPUT -s 172.20.10.3 -j DROP # temp block",
        "netsh advfirewall firewall add rule name=\"Block_172.20.10.3\" dir=in action=block remoteip=172.20.10.3"
    ]
}