{
    "rule_id": "rule-00895143",
    "created": "2025-10-02T19:38:49Z",
    "source_alert_id": "68cc476e307e664479353677",
    "alert_type": "NULL_SCAN",
    "src_ip": "34.107.221.82",
    "dst_ip": null,
    "protocol": "TCP",
    "ports": [
        "36710",
        "40510",
        "40512",
        "40528",
        "40538",
        "43274",
        "43290"
    ],
    "ports_scanned_count": 7,
    "duration": 7.1,
    "cvss_score": 0.0,
    "priority": "None",
    "decision": {
        "action": "notify",
        "target": "34.107.221.82",
        "reason": "NULL_SCAN detected (low priority - monitoring)",
        "confidence": "low",
        "expiry_seconds": 14400
    },
    "suggested_commands": [
        "iptables -I INPUT -s 34.107.221.82 -j DROP # temp block",
        "netsh advfirewall firewall add rule name=\"Block_34.107.221.82\" dir=in action=block remoteip=34.107.221.82"
    ]
}