{
    "rule_id": "rule-470e6192",
    "created": "2025-10-03T08:27:57Z",
    "source_alert_id": "68da62fb5033ff6faad0f0e7",
    "alert_type": "ARP_MITM",
    "src_ip": "172.20.10.4",
    "dst_ip": "172.20.10.3",
    "protocol": "ARP",
    "ports": [],
    "ports_scanned_count": 0,
    "duration": 0.1,
    "cvss_score": 9.8,
    "priority": "Critical",
    "decision": {
        "action": "quarantine_mac",
        "target": "f0:d5:bf:24:3b:19",
        "reason": "ARP spoofing / MITM detected",
        "confidence": "high",
        "expiry_seconds": 14400
    },
    "suggested_commands": [
        "iptables -I INPUT -s 172.20.10.4 -j DROP # temp block",
        "netsh advfirewall firewall add rule name=\"Block_172.20.10.4\" dir=in action=block remoteip=172.20.10.4"
    ]
}