{
    "rule_id": "rule-c3e80f6c",
    "created": "2025-09-27T20:26:50Z",
    "source_alert_id": "68cc476e307e6644793536e4",
    "alert_type": "UDP_SCAN",
    "src_ip": "172.20.10.1",
    "dst_ip": null,
    "protocol": "UDP",
    "ports": [
        "35761",
        "43816",
        "44025",
        "46783",
        "47653",
        "50123",
        "50559",
        "52332",
        "53679",
        "57839",
        "59155"
    ],
    "ports_scanned_count": 11,
    "duration": 4.3,
    "cvss_score": 5.3,
    "priority": "Medium",
    "decision": {
        "action": "notify",
        "target": "172.20.10.1",
        "reason": "Monitoring only",
        "confidence": "low",
        "expiry_seconds": 14400
    },
    "suggested_commands": [
        "iptables -I INPUT -s 172.20.10.1 -j DROP # temp block",
        "netsh advfirewall firewall add rule name=\"Block_172.20.10.1\" dir=in action=block remoteip=172.20.10.1"
    ]
}