{
    "rule_id": "rule-49de29f6",
    "created": "2025-10-03T08:27:57Z",
    "source_alert_id": "68da5d2de8b5c521d22e85ea",
    "alert_type": "MAC_CONFLICT",
    "src_ip": "10.66.201.21",
    "dst_ip": "10.66.201.252",
    "protocol": "unknown",
    "ports": [],
    "ports_scanned_count": 0,
    "duration": 133.9,
    "cvss_score": 3.0,
    "priority": "Low",
    "decision": {
        "action": "notify",
        "target": "10.66.201.21",
        "reason": "MAC_CONFLICT detected (low priority - monitoring)",
        "confidence": "low",
        "expiry_seconds": 14400
    },
    "suggested_commands": [
        "iptables -I INPUT -s 10.66.201.21 -j DROP # temp block",
        "netsh advfirewall firewall add rule name=\"Block_10.66.201.21\" dir=in action=block remoteip=10.66.201.21"
    ]
}