{
    "rule_id": "rule-5f39aa47",
    "created": "2025-10-03T08:27:57Z",
    "source_alert_id": "68dacec6fc85aafb5f14570a",
    "alert_type": "UDP_SCAN",
    "src_ip": "10.129.5.193",
    "dst_ip": null,
    "protocol": "UDP",
    "ports": [
        "1041",
        "1049",
        "1065",
        "1068",
        "16896",
        "17185",
        "18683",
        "20360",
        "20445",
        "20540",
        "20791",
        "21360",
        "22053",
        "24644",
        "28547"
    ],
    "ports_scanned_count": 15,
    "duration": 8.5,
    "cvss_score": 5.3,
    "priority": "Medium",
    "decision": {
        "action": "block_ip",
        "target": "10.129.5.193",
        "reason": "UDP Scan detected",
        "confidence": "medium",
        "expiry_seconds": 14400
    },
    "suggested_commands": [
        "iptables -I INPUT -s 10.129.5.193 -j DROP # temp block",
        "netsh advfirewall firewall add rule name=\"Block_10.129.5.193\" dir=in action=block remoteip=10.129.5.193"
    ]
}