{
    "rule_id": "rule-0084d0af",
    "created": "2025-10-02T19:38:49Z",
    "source_alert_id": "68d67a9d69d1c4c3ff1b4da4",
    "alert_type": "ICMP_ADDRESS_MASK_REQUEST_FLOOD",
    "src_ip": "172.20.10.3",
    "dst_ip": "172.20.10.4",
    "protocol": "ICMP",
    "ports": [],
    "ports_scanned_count": 0,
    "duration": 0.8,
    "cvss_score": 6.4,
    "priority": "Medium",
    "decision": {
        "action": "block_ip",
        "target": "172.20.10.3",
        "reason": "ICMP anomaly",
        "confidence": "medium",
        "expiry_seconds": 14400
    },
    "suggested_commands": [
        "iptables -I INPUT -s 172.20.10.3 -j DROP # temp block",
        "netsh advfirewall firewall add rule name=\"Block_172.20.10.3\" dir=in action=block remoteip=172.20.10.3"
    ]
}