{
    "rule_id": "rule-cabe6f9c",
    "created": "2025-10-03T08:27:57Z",
    "source_alert_id": "68dacec6fc85aafb5f14570c",
    "alert_type": "NULL_SCAN",
    "src_ip": "10.129.5.193",
    "dst_ip": null,
    "protocol": "TCP",
    "ports": [
        "1007",
        "1025",
        "1088",
        "110",
        "111",
        "1110",
        "113",
        "1141",
        "135",
        "139",
        "143",
        "1720",
        "1723",
        "18101",
        "1840"
    ],
    "ports_scanned_count": 15,
    "duration": 9.4,
    "cvss_score": 0.0,
    "priority": "None",
    "decision": {
        "action": "notify",
        "target": "10.129.5.193",
        "reason": "NULL_SCAN detected (low priority - monitoring)",
        "confidence": "low",
        "expiry_seconds": 14400
    },
    "suggested_commands": [
        "iptables -I INPUT -s 10.129.5.193 -j DROP # temp block",
        "netsh advfirewall firewall add rule name=\"Block_10.129.5.193\" dir=in action=block remoteip=10.129.5.193"
    ]
}