{
    "rule_id": "rule-1b2fe0a5",
    "created": "2025-12-03T08:43:56Z",
    "source_alert_id": "692ff673b77ba1b971fd5be7",
    "alert_type": "UDP_SCAN",
    "src_ip": "10.35.214.193",
    "dst_ip": "10.35.214.252",
    "protocol": "UDP",
    "ports": [
        "1026",
        "1028",
        "1032",
        "1048",
        "1049",
        "1057",
        "1069",
        "113",
        "1214",
        "136",
        "16708",
        "16838",
        "16970",
        "17077",
        "17101"
    ],
    "ports_scanned_count": 15,
    "duration_": 6.546026,
    "cvss_score": 5.3,
    "priority": "Medium",
    "decision": {
        "normalized_attack": "UDP_SCAN",
        "action": "block_ip",
        "target": "10.35.214.193",
        "reason": "UDP Scan detected",
        "confidence": "medium",
        "expiry_seconds": 14400
    },
    "suggested_commands": [
        "iptables -I INPUT -s 10.35.214.193 -j DROP # temp block",
        "netsh advfirewall firewall add rule name=\"Block_10.35.214.193\" dir=in action=block remoteip=10.35.214.193"
    ]
}