{
    "rule_id": "rule-09da72aa",
    "created": "2025-10-02T19:38:48Z",
    "source_alert_id": "68cc476e307e664479353650",
    "alert_type": "GRATUITOUS_ARP",
    "src_ip": "10.66.201.193",
    "dst_ip": "10.66.201.193",
    "protocol": "ARP",
    "ports": [],
    "ports_scanned_count": 0,
    "duration": 96.8,
    "cvss_score": 6.4,
    "priority": "Medium",
    "decision": {
        "action": "notify",
        "target": "10.66.201.193",
        "reason": "Gratuitous ARP detected",
        "confidence": "medium",
        "expiry_seconds": 14400
    },
    "suggested_commands": [
        "iptables -I INPUT -s 10.66.201.193 -j DROP # temp block",
        "netsh advfirewall firewall add rule name=\"Block_10.66.201.193\" dir=in action=block remoteip=10.66.201.193"
    ]
}