{
    "rule_id": "rule-276987d3",
    "created": "2025-12-03T08:43:56Z",
    "source_alert_id": "692ff67e3ef2a06dfbb6b3be",
    "alert_type": "UDP_SCAN",
    "src_ip": "10.35.214.193",
    "dst_ip": "10.35.214.252",
    "protocol": "UDP",
    "ports": [
        "1034",
        "1045",
        "1046",
        "1072",
        "11487",
        "120",
        "123",
        "137",
        "161",
        "16402",
        "16816",
        "16829",
        "16862",
        "16972",
        "1701"
    ],
    "ports_scanned_count": 15,
    "duration_": 6.347707,
    "cvss_score": 5.3,
    "priority": "Medium",
    "decision": {
        "normalized_attack": "UDP_SCAN",
        "action": "block_ip",
        "target": "10.35.214.193",
        "reason": "UDP Scan detected",
        "confidence": "medium",
        "expiry_seconds": 14400
    },
    "suggested_commands": [
        "iptables -I INPUT -s 10.35.214.193 -j DROP # temp block",
        "netsh advfirewall firewall add rule name=\"Block_10.35.214.193\" dir=in action=block remoteip=10.35.214.193"
    ]
}