{
    "rule_id": "rule-01556020",
    "created": "2025-10-03T08:27:58Z",
    "source_alert_id": "68dad1a6657067600995a565",
    "alert_type": "OS_FINGERPRINT",
    "src_ip": "172.20.10.4",
    "dst_ip": null,
    "protocol": "TCP",
    "ports": [],
    "ports_scanned_count": 0,
    "duration": 7.5,
    "cvss_score": 9.8,
    "priority": "Critical",
    "decision": {
        "action": "notify",
        "target": "172.20.10.4",
        "reason": "OS Fingerprinting detected",
        "confidence": "medium",
        "expiry_seconds": 14400
    },
    "suggested_commands": [
        "iptables -I INPUT -s 172.20.10.4 -j DROP # temp block",
        "netsh advfirewall firewall add rule name=\"Block_172.20.10.4\" dir=in action=block remoteip=172.20.10.4"
    ]
}