{
    "rule_id": "rule-06543a03",
    "created": "2025-10-02T19:38:49Z",
    "source_alert_id": "68cc476e307e6644793536c0",
    "alert_type": "OS_FINGERPRINT",
    "src_ip": "34.107.221.82",
    "dst_ip": null,
    "protocol": "TCP",
    "ports": [],
    "ports_scanned_count": 0,
    "duration": 9.4,
    "cvss_score": 3.6,
    "priority": "Low",
    "decision": {
        "action": "notify",
        "target": "34.107.221.82",
        "reason": "OS_FINGERPRINT detected (low priority - monitoring)",
        "confidence": "low",
        "expiry_seconds": 14400
    },
    "suggested_commands": [
        "iptables -I INPUT -s 34.107.221.82 -j DROP # temp block",
        "netsh advfirewall firewall add rule name=\"Block_34.107.221.82\" dir=in action=block remoteip=34.107.221.82"
    ]
}