{
    "rule_id": "rule-85a20135",
    "created": "2025-10-03T08:27:57Z",
    "source_alert_id": "68da5f4807613ae41f05d6e7",
    "alert_type": "OS_FINGERPRINT",
    "src_ip": "10.129.5.193",
    "dst_ip": null,
    "protocol": "TCP",
    "ports": [],
    "ports_scanned_count": 0,
    "duration": 9.6,
    "cvss_score": 3.6,
    "priority": "Low",
    "decision": {
        "action": "notify",
        "target": "10.129.5.193",
        "reason": "OS_FINGERPRINT detected (low priority - monitoring)",
        "confidence": "low",
        "expiry_seconds": 14400
    },
    "suggested_commands": [
        "iptables -I INPUT -s 10.129.5.193 -j DROP # temp block",
        "netsh advfirewall firewall add rule name=\"Block_10.129.5.193\" dir=in action=block remoteip=10.129.5.193"
    ]
}