{
    "rule_id": "rule-0a72153f",
    "created": "2025-10-03T08:27:57Z",
    "source_alert_id": "68da5f7beb78af61a6c8e277",
    "alert_type": "ARP_FLOOD",
    "src_ip": "172.20.10.1",
    "dst_ip": "172.20.10.4",
    "protocol": "ARP",
    "ports": [],
    "ports_scanned_count": 0,
    "duration": 1.5,
    "cvss_score": 7.5,
    "priority": "High",
    "decision": {
        "action": "block_ip",
        "target": "172.20.10.1",
        "reason": "ARP flood detected",
        "confidence": "high",
        "expiry_seconds": 14400
    },
    "suggested_commands": [
        "iptables -I INPUT -s 172.20.10.1 -j DROP # temp block",
        "netsh advfirewall firewall add rule name=\"Block_172.20.10.1\" dir=in action=block remoteip=172.20.10.1"
    ]
}