{
    "rule_id": "rule-3d96c226",
    "created": "2025-10-03T08:27:57Z",
    "source_alert_id": "68da5f4807613ae41f05d701",
    "alert_type": "ARP_FLOOD",
    "src_ip": "172.20.10.3",
    "dst_ip": "172.20.10.4",
    "protocol": "ARP",
    "ports": [],
    "ports_scanned_count": 0,
    "duration": 2.5,
    "cvss_score": 7.5,
    "priority": "High",
    "decision": {
        "action": "block_ip",
        "target": "172.20.10.3",
        "reason": "ARP flood detected",
        "confidence": "high",
        "expiry_seconds": 14400
    },
    "suggested_commands": [
        "iptables -I INPUT -s 172.20.10.3 -j DROP # temp block",
        "netsh advfirewall firewall add rule name=\"Block_172.20.10.3\" dir=in action=block remoteip=172.20.10.3"
    ]
}