{
    "rule_id": "rule-f6e9844c",
    "created": "2025-12-19T11:04:55Z",
    "source_alert_id": "692ff5aedcc745af7b7e491d",
    "alert_type": "OS_FINGERPRINT",
    "src_ip": "142.251.37.78",
    "dst_ip": "10.35.214.252",
    "protocol": "TCP",
    "ports": [],
    "ports_scanned_count": 0,
    "duration_": 2.444743,
    "cvss_score": 3.6,
    "priority": "Low",
    "decision": {
        "normalized_attack": "OS_FINGERPRINT",
        "action": "notify",
        "target": "142.251.37.78",
        "reason": "OS_FINGERPRINT detected (low priority - monitoring)",
        "confidence": "low",
        "expiry_seconds": 14400
    },
    "suggested_commands": [
        "iptables -I INPUT -s 142.251.37.78 -j DROP # temp block",
        "netsh advfirewall firewall add rule name=\"Block_142.251.37.78\" dir=in action=block remoteip=142.251.37.78"
    ]
}