{
    "rule_id": "rule-05af79ff",
    "created": "2025-10-02T19:38:49Z",
    "source_alert_id": "68d67a9d69d1c4c3ff1b4d98",
    "alert_type": "SERVICE_PROBE",
    "src_ip": "34.107.221.82",
    "dst_ip": null,
    "protocol": "TCP",
    "ports": [
        "37888",
        "41482",
        "41494",
        "41504",
        "53826"
    ],
    "ports_scanned_count": 5,
    "duration": 9.7,
    "cvss_score": 6.4,
    "priority": "Medium",
    "decision": {
        "action": "notify",
        "target": "34.107.221.82",
        "reason": "Service Probe / Reconnaissance",
        "confidence": "medium",
        "expiry_seconds": 14400
    },
    "suggested_commands": [
        "iptables -I INPUT -s 34.107.221.82 -j DROP # temp block",
        "netsh advfirewall firewall add rule name=\"Block_34.107.221.82\" dir=in action=block remoteip=34.107.221.82"
    ]
}