{
    "rule_id": "rule-0652a7a8",
    "created": "2025-10-02T19:38:49Z",
    "source_alert_id": "68cc476e307e66447935369f",
    "alert_type": "FULL_PORT_SCAN",
    "src_ip": "10.129.5.193",
    "dst_ip": null,
    "protocol": "TCP/UDP",
    "ports": [
        "10",
        "11",
        "13",
        "2",
        "20",
        "21",
        "22",
        "23",
        "24",
        "25",
        "28",
        "30",
        "33",
        "34",
        "35"
    ],
    "ports_scanned_count": 15,
    "duration": 9.2,
    "cvss_score": 9.8,
    "priority": "Critical",
    "decision": {
        "action": "block_ip",
        "target": "10.129.5.193",
        "reason": "Full Port Scan detected",
        "confidence": "medium",
        "expiry_seconds": 14400
    },
    "suggested_commands": [
        "iptables -I INPUT -s 10.129.5.193 -j DROP # temp block",
        "netsh advfirewall firewall add rule name=\"Block_10.129.5.193\" dir=in action=block remoteip=10.129.5.193"
    ]
}