{
    "rule_id": "rule-1a72988b",
    "created": "2025-12-03T08:43:55Z",
    "source_alert_id": "692ff5b1df320d976a9ea850",
    "alert_type": "UDP_SCAN",
    "src_ip": "10.35.214.193",
    "dst_ip": "10.35.214.252",
    "protocol": "UDP",
    "ports": [
        "1025",
        "1038",
        "1044",
        "1059",
        "1064",
        "1087",
        "1419",
        "1457",
        "1645",
        "16573",
        "16832",
        "16938",
        "16974",
        "17",
        "17018"
    ],
    "ports_scanned_count": 15,
    "duration_": 6.962407,
    "cvss_score": 5.3,
    "priority": "Medium",
    "decision": {
        "normalized_attack": "UDP_SCAN",
        "action": "block_ip",
        "target": "10.35.214.193",
        "reason": "UDP Scan detected",
        "confidence": "medium",
        "expiry_seconds": 14400
    },
    "suggested_commands": [
        "iptables -I INPUT -s 10.35.214.193 -j DROP # temp block",
        "netsh advfirewall firewall add rule name=\"Block_10.35.214.193\" dir=in action=block remoteip=10.35.214.193"
    ]
}