{
    "rule_id": "rule-1c8a9ca8",
    "created": "2025-09-27T20:26:50Z",
    "source_alert_id": "68cc476e307e6644793536b0",
    "alert_type": "SERVICE_PROBE",
    "src_ip": "172.20.10.4",
    "dst_ip": null,
    "protocol": "unknown",
    "ports": [
        "443",
        "80"
    ],
    "ports_scanned_count": 2,
    "duration": 9.1,
    "cvss_score": 6.4,
    "priority": "Medium",
    "decision": {
        "action": "notify",
        "target": "172.20.10.4",
        "reason": "Monitoring only",
        "confidence": "low",
        "expiry_seconds": 14400
    },
    "suggested_commands": [
        "iptables -I INPUT -s 172.20.10.4 -j DROP # temp block",
        "netsh advfirewall firewall add rule name=\"Block_172.20.10.4\" dir=in action=block remoteip=172.20.10.4"
    ]
}